ts_code,ann_date,name,gender,edu,national,birthday,position,biz_key
000001.SZ,20180130,王春汉,M,专科,中国,1951,委员会成员:提名委员会委员(20140121~20191106);委员会成员:提名委员会主席(20160811~20191106);委员会成员:审计委员会委员(20140121~20191106),王春汉|M|1951|中国
000001.SZ,20180130,王松奇,M,博士,中国,1952,委员会成员:战略委员会委员(20140121~20191106),王松奇|M|1952|中国
000001.SZ,20180130,韩小京,M,硕士,中国,1955,委员会成员:薪酬与考核委员会委员(20140121~20191106);委员会成员:薪酬与考核委员会主席(20140121~20191106);委员会成员:提名委员会委员(20140121~20191106),韩小京|M|1955|中国
000001.SZ,20180405,何之江,M,硕士,中国,1965,高管:副行长(20170513~20180405),何之江|M|1965|中国
000001.SZ,20180816,杨志群,M,博士,中国,1970,高管:副行长(20180815~至今),杨志群|M|1970|中国
000001.SZ,20190309,吴鹏,M,博士,中国,1965,高管:副行长(20110817~20190309),吴鹏|M|1965|中国
000001.SZ,20190604,姚贵平,M,本科,中国,1961,董事会成员:执行董事(20170629~20190604);委员会成员:战略委员会委员(20180129~20190604);高管:副行长(20180815~20190604),姚贵平|M|1961|中国
000001.SZ,20191108,姚波,M,硕士,中国,1971,董事会成员:非执行董事(20100617~20221109);委员会成员:战略委员会委员(20101227~20221109);委员会成员:审计委员会委员(20110525~20221109),姚波|M|1971|中国
000001.SZ,20191108,杨如生,M,硕士,中国,196802,委员会成员:薪酬与考核委员会委员(20161107~20221109);董事会成员:独立董事(20161107~20221109);委员会成员:审计委员会委员(20161107~20221109);委员会成员:审计委员会主席(20161107~20221109),杨如生|M|196802|中国
000001.SZ,20191108,艾春荣,M,博士,中国,1962,委员会成员:提名委员会委员(20191107~20221109),艾春荣|M|1962|中国
000001.SZ,20191108,蔡洪滨,M,博士,中国,196711,委员会成员:薪酬与考核委员会委员(20191107~20221109);委员会成员:薪酬与考核委员会主席(20191107~20221109);董事会成员:独立董事(20191107~20221109);委员会成员:审计委员会委员(20191107~20221109),蔡洪滨|M|196711|中国
000001.SZ,20191108,郭田勇,M,博士,中国,196808,委员会成员:薪酬与考核委员会委员(20160811~20221109);董事会成员:独立董事(20160519~20221109);委员会成员:提名委员会委员(20161107~20221109);委员会成员:提名委员会主席(20191107~20221109);委员会成员:审计委员会委员(20160811~20221109),郭田勇|M|196808|中国
000001.SZ,20200214,项有志,M,博士,中国,1964,高管:首席财务官(20170913~至今);高管:副行长(20200213~至今),项有志|M|1964|中国
000001.SZ,20200415,王群,F,本科,中国,1968,监事:职工监事(20170629~20220830),王群|F|1968|中国
000001.SZ,20200515,储一昀,M,博士,中国,1964,监事:外部监事(20170629~20200514),储一昀|M|1964|中国
000001.SZ,20200515,周建国,M,硕士,中国,1955,监事:外部监事(20140121~20200514),周建国|M|1955|中国
000001.SZ,20200515,骆向东,M,硕士,中国,1953,监事:外部监事(20140121~20200514),骆向东|M|1953|中国
000001.SZ,20201201,李嘉士,M,本科,中国,1960,董事会成员:独立董事(20191107~20201201);委员会成员:审计委员会委员(20191107~20201201),李嘉士|M|1960|中国
000001.SZ,20210409,孙东东,M,本科,中国,195912,董事会成员:独立董事(20210408~20221109),孙东东|M|195912|中国
000001.SZ,20210702,叶素兰,F,本科,中国,1956,董事会成员:非执行董事(20100617~20210702);委员会成员:审计委员会委员(20161107~20210702),叶素兰|F|1956|中国
000001.SZ,20210806,张小璐,F,硕士,中国,196803,董事会成员:非执行董事(20210805~20221109),张小璐|F|196803|中国
000001.SZ,20211021,蔡洪滨,M,博士,中国,196711,委员会成员:风险管理委员会委员(20211020~20221109),蔡洪滨|M|196711|中国
000001.SZ,20221025,孙永桢,F,硕士,中国,1968,监事:职工监事(20181026~至今),孙永桢|F|1968|中国
000001.SZ,20221025,车国宝,M,本科,中国,1949,监事:股东监事(20101224~至今),车国宝|M|1949|中国
000001.SZ,20221111,付欣,F,硕士,中国,1979,董事会成员:非执行董事(20221110~至今),付欣|F|1979|中国
000001.SZ,20221111,刘峰,M,博士,中国,1966,董事会成员:独立董事(20221110~至今),刘峰|M|1966|中国
000001.SZ,20221111,吴志攀,M,博士,中国,1956,董事会成员:独立董事(20221110~至今),吴志攀|M|1956|中国
000001.SZ,20221111,孙永桢,F,硕士,中国,1968,委员会成员:审计与监督委员会委员(20221110~至今),孙永桢|F|1968|中国
000001.SZ,20221111,杨军,M,博士,,1958,董事会成员:独立董事(20191107~至今),杨军|M|1958|
000001.SZ,20221111,杨志群,M,博士,中国,1970,董事会成员:执行董事(20191107~至今),杨志群|M|1970|中国
000001.SZ,20221111,王春汉,M,专科,中国,1951,委员会成员:审计与监督委员会委员(20221110~至今);委员会成员:审计与监督委员会主任(20221110~至今);监事:外部监事(20200917~至今),王春汉|M|1951|中国
000001.SZ,20221111,胡剑锋,M,本科,中国,1977,董事会成员:非执行董事(20221110~至今),胡剑锋|M|1977|中国
000001.SZ,20221111,艾春荣,M,博士,中国,1962,董事会成员:独立董事(20191107~至今),艾春荣|M|1962|中国
000001.SZ,20221111,蔡方方,F,硕士,中国,1974,董事会成员:非执行董事(20140121~至今),蔡方方|F|1974|中国
000001.SZ,20221111,谢永林,M,博士,中国,1968,董事会成员:非执行董事(20191107~至今);董事会成员:董事长(20161210~至今),谢永林|M|1968|中国
000001.SZ,20221111,邓红,F,,中国,1974,监事:职工监事(20221110~至今),邓红|F|1974|中国
000001.SZ,20221111,郭建,M,硕士,中国,1964,董事会成员:非执行董事(20161107~至今),郭建|M|1964|中国
000001.SZ,20221111,陈甦,M,博士,中国,1957,董事会成员:独立董事(20221110~至今),陈甦|M|1957|中国
000001.SZ,20221111,韩小京,M,硕士,中国,1955,监事:外部监事(20200907~至今),韩小京|M|1955|中国
000001.SZ,20221111,项有志,M,博士,中国,1964,董事会成员:执行董事(20191107~至今),项有志|M|1964|中国
000001.SZ,20221221,邱伟,M,博士,中国,1962,监事:监事长(20100617~20221221),邱伟|M|1962|中国
000001.SZ,20230609,胡跃飞,M,硕士,中国,1962,董事会成员:执行董事(20071219~20230609);委员会成员:战略委员会委员(20161107~20230609),胡跃飞|M|1962|中国
000001.SZ,20231115,潘敏,M,博士,,1966,董事会成员:独立董事(20231114~至今),潘敏|M|1966|
000001.SZ,20231117,冀光恒,M,博士,中国,1968,高管:行长(20231117~至今);董事会成员:执行董事(20231117~至今),冀光恒|M|1968|中国
000001.SZ,20231117,胡跃飞,M,硕士,中国,1962,高管:行长(20161210~20231117),胡跃飞|M|1962|中国
000001.SZ,20231223,郭世邦,M,博士,中国,1965,委员会成员:风险管理委员会委员(20221110~20231223);董事会成员:执行董事(20170629~20231223);高管:副行长(20180815~20231223);委员会成员:关联交易控制委员会委员(20221110~20231223),郭世邦|M|1965|中国
000001.SZ,20231227,付欣,F,硕士,中国,1979,委员会成员:风险管理委员会委员(20221110~20231226);委员会成员:风险管理委员会主任(20221110~20231226);委员会成员:薪酬与考核委员会委员(20231226~至今);委员会成员:战略委员会委员(20221110~至今);委员会成员:审计委员会委员(20221110~至今),付欣|F|1979|中国
000001.SZ,20231227,冀光恒,M,博士,中国,1968,委员会成员:提名委员会委员(20231226~至今);委员会成员:战略委员会委员(20231226~至今);委员会成员:战略委员会主任(20231226~至今),冀光恒|M|1968|中国
000001.SZ,20231227,刘峰,M,博士,中国,1966,委员会成员:薪酬与考核委员会委员(20221110~至今);委员会成员:审计委员会委员(20221110~至今);委员会成员:审计委员会主任(20221110~至今);委员会成员:关联交易控制委员会委员(20221110~至今),刘峰|M|1966|中国
000001.SZ,20231227,吴志攀,M,博士,中国,1956,委员会成员:薪酬与考核委员会委员(20221110~至今);委员会成员:提名委员会委员(20221110~至今);委员会成员:提名委员会主任(20221110~至今);委员会成员:审计委员会委员(20221110~至今),吴志攀|M|1956|中国
000001.SZ,20231227,杨军,M,博士,,1958,委员会成员:风险管理委员会委员(20211020~至今);委员会成员:薪酬与考核委员会委员(20221110~至今);委员会成员:薪酬与考核委员会主任(20221110~至今);委员会成员:提名委员会委员(20191107~至今),杨军|M|1958|
000001.SZ,20231227,杨志群,M,博士,中国,1970,委员会成员:风险管理委员会委员(20221110~至今),杨志群|M|1970|中国
000001.SZ,20231227,潘敏,M,博士,,1966,委员会成员:风险管理委员会委员(20231226~至今);委员会成员:提名委员会委员(20231226~至今),潘敏|M|1966|
000001.SZ,20231227,胡剑锋,M,本科,中国,1977,委员会成员:审计委员会委员(20221110~20231226);委员会成员:关联交易控制委员会委员(20221110~20231226),胡剑锋|M|1977|中国
000001.SZ,20231227,艾春荣,M,博士,中国,1962,委员会成员:战略委员会委员(20191107~至今);委员会成员:审计委员会委员(20211020~至今);委员会成员:关联交易控制委员会委员(20221110~至今);委员会成员:关联交易控制委员会主任(20221110~至今),艾春荣|M|1962|中国
000001.SZ,20231227,蔡方方,F,硕士,中国,1974,委员会成员:风险管理委员会委员(20231226~至今);委员会成员:风险管理委员会主任(20231226~至今);委员会成员:薪酬与考核委员会委员(20140121~20231226);委员会成员:提名委员会委员(20161107~20231226);委员会成员:战略委员会委员(20140121~至今);委员会成员:审计委员会委员(20231226~至今),蔡方方|F|1974|中国
000001.SZ,20231227,谢永林,M,博士,中国,1968,委员会成员:提名委员会委员(20161107~20231226);委员会成员:战略委员会委员(20161107~20231226);委员会成员:战略委员会主任(20161107~20231226),谢永林|M|1968|中国
000001.SZ,20231227,车国宝,M,本科,中国,1949,委员会成员:提名与考核委员会委员(20221110~20231226),车国宝|M|1949|中国
000001.SZ,20231227,邓红,F,,中国,1974,委员会成员:提名与考核委员会委员(20221110~20231226),邓红|F|1974|中国
000001.SZ,20231227,郭建,M,硕士,中国,1964,委员会成员:战略委员会委员(20161107~至今),郭建|M|1964|中国
000001.SZ,20231227,陈心颖,F,硕士,新加坡,1977,委员会成员:战略委员会委员(20140121~20231226),陈心颖|F|1977|新加坡
000001.SZ,20231227,陈甦,M,博士,中国,1957,委员会成员:风险管理委员会委员(20221110~20231226);委员会成员:提名委员会委员(20221110~20231226);委员会成员:审计委员会委员(20221110~20231226);委员会成员:关联交易控制委员会委员(20221110~20231226),陈甦|M|1957|中国
000001.SZ,20231227,韩小京,M,硕士,中国,1955,委员会成员:提名与考核委员会委员(20221110~20231226);委员会成员:提名与考核委员会主任(20221110~20231226),韩小京|M|1955|中国
000001.SZ,20231227,项有志,M,博士,中国,1964,委员会成员:风险管理委员会委员(20231226~至今);委员会成员:审计委员会委员(20191107~20231226);委员会成员:关联交易控制委员会委员(20231226~至今),项有志|M|1964|中国
000001.SZ,20240117,鞠维萍,M,硕士,中国,196301,高管:副行长(20200213~20240117),鞠维萍|M|196301|中国
000001.SZ,20240403,吴雷鸣,M,硕士,,1976,高管:首席风险官(20231127~至今);高管:行长助理(20231127~至今),吴雷鸣|M|1976|
000001.SZ,20240720,王松奇,M,博士,中国,1952,委员会成员:审计与监督委员会委员(20221110~20240720);监事:外部监事(20200907~20240720),王松奇|M|1952|中国
000001.SZ,20250627,方蔚豪,M,博士,中国,1973,高管:副行长(20250627~至今),方蔚豪|M|1973|中国
000001.SZ,20251129,吴宗敏,M,硕士,,1965,董事会成员:独立董事(不明~至今),吴宗敏|M|1965|
000001.SZ,20251217,付欣,F,硕士,中国,1979,董事会成员:非执行董事(20221110~至今);委员会成员:薪酬与考核委员会委员(20231226~至今);委员会成员:战略委员会委员(20221110~至今);委员会成员:审计委员会委员(20221110~至今),付欣|F|1979|中国
000001.SZ,20251217,冀光恒,M,博士,中国,1968,委员会成员:提名委员会委员(20231226~至今);董事会成员:执行董事(20231117~至今);委员会成员:战略委员会委员(20231226~至今);委员会成员:战略委员会主任(20231226~至今),冀光恒|M|1968|中国
000001.SZ,20251217,刘峰,M,博士,中国,1966,委员会成员:薪酬与考核委员会委员(20221110~至今);委员会成员:薪酬与考核委员会主任(20251216~至今);董事会成员:独立董事(20221110~至今);委员会成员:审计委员会委员(20221110~至今);委员会成员:审计委员会主任(20221110~至今);委员会成员:关联交易控制委员会委员(20221110~至今),刘峰|M|1966|中国
000001.SZ,20251217,叶望春,M,博士,中国,1955,监事:职工监事(20221231~20251216);监事:监事长(20221231~20251216),叶望春|M|1955|中国
000001.SZ,20251217,吴志攀,M,博士,中国,1956,委员会成员:薪酬与考核委员会委员(20221110~至今);董事会成员:独立董事(20221110~至今);委员会成员:提名委员会委员(20221110~至今);委员会成员:提名委员会主任(20221110~至今);委员会成员:审计委员会委员(20221110~至今),吴志攀|M|1956|中国
000001.SZ,20251217,吴雷鸣,M,硕士,,1976,高管:首席合规官(20251216~至今),吴雷鸣|M|1976|
000001.SZ,20251217,孙永桢,F,硕士,中国,1968,监事:职工监事(20181026~20251216);委员会成员:审计与监督委员会委员(20221110~20251216),孙永桢|F|1968|中国
000001.SZ,20251217,张杰,M,博士,,1965,董事会成员:独立董事(20251216~至今);委员会成员:战略委员会委员(不明~至今);委员会成员:审计委员会委员(不明~至今);委员会成员:关联交易控制委员会委员(不明~至今),张杰|M|1965|
000001.SZ,20251217,杨志群,M,博士,中国,1970,委员会成员:风险管理委员会委员(20221110~至今);董事会成员:执行董事(20191107~至今),杨志群|M|1970|中国
000001.SZ,20251217,杨运杰,M,博士,,1966,委员会成员:风险管理委员会委员(不明~至今);委员会成员:薪酬与考核委员会委员(不明~至今);董事会成员:独立董事(20251216~至今);委员会成员:提名委员会委员(不明~至今),杨运杰|M|1966|
000001.SZ,20251217,潘敏,M,博士,,1966,委员会成员:风险管理委员会委员(20231226~至今);董事会成员:独立董事(20231114~至今);委员会成员:提名委员会委员(20231226~至今);委员会成员:关联交易控制委员会委员(20251216~至今);委员会成员:关联交易控制委员会主任(20251216~至今),潘敏|M|1966|
000001.SZ,20251217,王春汉,M,专科,中国,1951,委员会成员:审计与监督委员会委员(20221110~20251216);委员会成员:审计与监督委员会主任(20221110~20251216);监事:外部监事(20200917~20251216),王春汉|M|1951|中国
000001.SZ,20251217,蔡方方,F,硕士,中国,1974,委员会成员:风险管理委员会委员(20231226~至今);委员会成员:风险管理委员会主任(20231226~至今);董事会成员:非执行董事(20140121~至今);委员会成员:战略委员会委员(20140121~至今);委员会成员:审计委员会委员(20231226~至今),蔡方方|F|1974|中国
000001.SZ,20251217,谢永林,M,博士,中国,1968,董事会成员:非执行董事(20191107~至今);董事会成员:董事长(20161210~至今);高管:法定代表人(20161210~至今),谢永林|M|1968|中国
000001.SZ,20251217,车国宝,M,本科,中国,1949,监事:股东监事(20101224~20251216),车国宝|M|1949|中国
000001.SZ,20251217,邓红,F,,中国,1974,监事:职工监事(20221110~20251216),邓红|F|1974|中国
000001.SZ,20251217,郭晓涛,M,硕士,,1971,董事会成员:非执行董事(20241008~至今);委员会成员:提名委员会委员(20241008~至今);委员会成员:战略委员会委员(20241008~至今);委员会成员:关联交易控制委员会委员(20241008~至今),郭晓涛|M|1971|
000001.SZ,20251217,韩小京,M,硕士,中国,1955,监事:外部监事(20200907~20251216),韩小京|M|1955|中国
000001.SZ,20251217,项有志,M,博士,中国,1964,委员会成员:风险管理委员会委员(20231226~至今);董事会成员:执行董事(20191107~至今);委员会成员:关联交易控制委员会委员(20231226~至今),项有志|M|1964|中国
000002.SZ,20180201,郁亮,M,硕士,中国,1965,高管:首席执行官(20170630~20180201);高管:总裁(20010215~20180201),郁亮|M|1965|中国
000002.SZ,20180609,吉江华,M,硕士,中国,1980,其他:董事会证券事务代表(20180608~至今),吉江华|M|1980|中国
000002.SZ,20180609,梁洁,M,本科,中国,,其他:董事会证券事务代表(200804~20180608),梁洁|M||中国
000002.SZ,20190116,肖民,M,本科,中国,1963,董事会成员:董事(20170630~20190115),肖民|M|1963|中国
000002.SZ,20190508,孙嘉,M,硕士,中国,1978,高管:首席财务官(20160311~20190508);高管:财务负责人(20160311~20190508);高管:执行副总裁(20160311~20190508),孙嘉|M|1978|中国
000002.SZ,20190508,王文金,M,硕士,中国,1966,高管:首席风险官(20160311~20190508),王文金|M|1966|中国
000002.SZ,20200318,张旭,M,硕士,中国,1963,高管:首席运营官(20140328~20200317);高管:执行副总裁(20140328~20200317),张旭|M|1963|中国
000002.SZ,20200318,王文金,M,硕士,中国,1966,高管:财务负责人(20190508~20200317);高管:执行副总裁(20071026~20200317),王文金|M|1966|中国
000002.SZ,20200516,傅成玉,M,硕士,中国,1951,其他:(不明~至今),傅成玉|M|1951|中国
000002.SZ,20200701,刘姝威,F,硕士,中国,1952,董事会成员:独立董事(20170630~20230630);委员会成员:审计委员会委员(20170630~20230630),刘姝威|F|1952|中国
000002.SZ,20200701,吴嘉宁,M,硕士,中国,1960,委员会成员:薪酬与考核委员会委员(20200630~20230630);董事会成员:独立董事(20170630~20230630);委员会成员:提名委员会委员(20170630~20230630);委员会成员:审计委员会委员(20170630~20230630);委员会成员:审计委员会召集人(20170630~20230630),吴嘉宁|M|1960|中国
000002.SZ,20200701,康典,M,硕士,中国,1948,委员会成员:薪酬与考核委员会委员(20200630~20230630);委员会成员:薪酬与考核委员会召集人(20200630~20230630);董事会成员:独立董事(20170630~20230630);委员会成员:提名委员会委员(20170630~20230630);委员会成员:提名委员会召集人(20170630~20230630),康典|M|1948|中国
000002.SZ,20200701,王海武,M,硕士,中国,1978,董事会成员:董事(20200630~20230630);委员会成员:投资委员会委员(20200630~20230630),王海武|M|1978|中国
000002.SZ,20200701,辛杰,M,硕士,中国,1966,委员会成员:投资委员会委员(20200630~20230630),辛杰|M|1966|中国
000002.SZ,20200701,阙东武,F,硕士,中国,1966,监事:职工监事(20200630~20230621),阙东武|F|1966|中国
000002.SZ,20210420,唐绍杰,M,硕士,中国,1968,董事会成员:董事(20200630~20210419),唐绍杰|M|1968|中国
000002.SZ,20210624,王海武,M,硕士,中国,1978,高管:首席运营官(20200407~20210623);高管:执行副总裁(20200407~20210623),王海武|M|1978|中国
000002.SZ,20211013,李强强,M,硕士,中国,1977,董事会成员:董事(20200630~20211012);委员会成员:审计委员会委员(20200630~20211012),李强强|M|1977|中国
000002.SZ,20230622,王蕴,F,硕士,中国,1975,董事会成员:职工董事(20230621~至今),王蕴|F|1975|中国
000002.SZ,20230701,廖子彬,M,本科,中国,1962,董事会成员:独立非执行董事(20230630~至今);委员会成员:审计委员会委员(20230630~至今);委员会成员:审计委员会召集人(20230630~至今),廖子彬|M|1962|中国
000002.SZ,20230701,张懿宸,M,本科,中国,1963,董事会成员:独立非执行董事(20200630~至今);委员会成员:投资委员会委员(20200630~至今);委员会成员:投资委员会召集人(20200630~至今),张懿宸|M|1963|中国
000002.SZ,20230701,林明彦,M,本科,中国,1963,委员会成员:薪酬与考核委员会委员(20230630~至今);董事会成员:独立非执行董事(20230630~至今);委员会成员:提名委员会委员(20230630~至今);委员会成员:审计委员会委员(20230630~至今),林明彦|M|1963|中国
000002.SZ,20230701,沈向洋,M,博士,中国,1966,委员会成员:薪酬与考核委员会委员(20230630~至今);委员会成员:薪酬与考核委员会召集人(20230630~至今);董事会成员:独立非执行董事(20230630~至今);委员会成员:提名委员会委员(20230630~至今);委员会成员:提名委员会召集人(20230630~至今),沈向洋|M|1966|中国
000002.SZ,20230701,胡国斌,M,博士,中国,1965,董事会成员:非执行董事(20200630~至今);委员会成员:薪酬与考核委员会委员(20200630~至今);委员会成员:提名委员会委员(20200630~至今),胡国斌|M|1965|中国
000002.SZ,20230701,辛杰,M,硕士,中国,1966,董事会成员:非执行董事(20200630~至今),辛杰|M|1966|中国
000002.SZ,20230701,郁亮,M,硕士,中国,1965,董事会成员:执行董事(19940524~至今),郁亮|M|1965|中国
000002.SZ,20230701,雷江松,M,硕士,中国,1970,董事会成员:非执行董事(20211126~至今);委员会成员:投资委员会委员(20230630~至今),雷江松|M|1970|中国
000002.SZ,20230701,韩慧华,F,硕士,中国,1982,高管:财务负责人(20200317~至今);高管:执行副总裁(20200317~至今),韩慧华|F|1982|中国
000002.SZ,20230701,黄力平,M,硕士,中国,1968,董事会成员:非执行董事(20210630~至今);委员会成员:审计委员会委员(20230630~至今),黄力平|M|1968|中国
000002.SZ,20250628,栗淼,M,硕士,中国,1973,监事:监事(20200630~20250627),栗淼|M|1973|中国
000002.SZ,20250628,潘樟良,M,本科,中国,1980,监事:职工监事(20230621~20250627),潘樟良|M|1980|中国
000002.SZ,20250628,解冻,M,博士,中国,1965,监事:监事会主席(20140328~20250627);监事:监事(20140328~20250627),解冻|M|1965|中国
000002.SZ,20251013,辛杰,M,硕士,中国,1966,董事会成员:非执行董事(20200630~20251012);董事会成员:董事会主席(20250127~20251012);高管:法定代表人(20250127~20251012),辛杰|M|1966|中国
000002.SZ,20251013,黄力平,M,硕士,中国,1968,董事会成员:董事长(20251012~至今);高管:法定代表人(20251012~至今),黄力平|M|1968|中国
000004.SZ,20190409,李林琳,F,硕士,中国,198411,委员会成员:薪酬与考核委员会委员(20151030~20190409);董事会成员:董事长(20151030~20190409);董事会成员:董事(20131120~20190409);委员会成员:提名委员会委员(20151030~20190409);委员会成员:战略委员会委员(20151030~20190409);委员会成员:战略委员会主任(20151030~20190409);高管:总经理(20130510~20190409),李林琳|F|198411|中国
000004.SZ,20190410,李林琳,F,硕士,中国,198411,高管:法定代表人(20151030~20190409),李林琳|F|198411|中国
000004.SZ,20190410,黄翔,M,硕士,中国,1966,委员会成员:提名委员会委员(20190409~20190519);高管:常务副总经理(20160722~20190409),黄翔|M|1966|中国
000004.SZ,20190426,唐银萍,F,专科,中国,198601,监事:职工监事(20150325~20220428),唐银萍|F|198601|中国
000004.SZ,20190521,唐银萍,F,专科,中国,198601,监事:监事长(20190520~20220428),唐银萍|F|198601|中国
000004.SZ,20190521,阮旭里,M,硕士,中国,1991,其他:董事会证券事务代表(20161223~至今),阮旭里|M|1991|中国
000004.SZ,20190621,徐愈富,M,本科,中国,197811,董事会成员:董事(20130510~20190621);委员会成员:战略委员会委员(20130510~20190621),徐愈富|M|197811|中国
000004.SZ,20190621,徐文苏,M,本科,中国,197701,高管:财务总监(20130510~20190621),徐文苏|M|197701|中国
000004.SZ,20190712,陈苏勤,F,硕士,中国,1960,董事会成员:董事(20190711~20220519),陈苏勤|F|1960|中国
000004.SZ,20190720,刘多宏,M,中职,中国,1967,委员会成员:战略委员会委员(20190719~20220526),刘多宏|M|1967|中国
000004.SZ,20191114,曾凡跃,M,专科,中国,1963,委员会成员:薪酬与考核委员会委员(20160520~20191113);委员会成员:薪酬与考核委员会主任(20160520~20190519);董事会成员:独立董事(20160520~20191113);委员会成员:提名委员会委员(20160520~20191113);委员会成员:提名委员会主任(20190520~20191113);委员会成员:审计委员会委员(20190520~20191113);委员会成员:审计委员会主任(20190520~20191113),曾凡跃|M|1963|中国
000004.SZ,20200324,仇夏萍,F,硕士,中国,1960,委员会成员:薪酬与考核委员会委员(20200323~20220526),仇夏萍|F|1960|中国
000004.SZ,20200324,肖永平,M,博士,中国,1966,委员会成员:提名委员会委员(20200323~20220526),肖永平|M|1966|中国
000004.SZ,20200513,徐文苏,M,本科,中国,197701,高管:董事会秘书(20151030~20200511);董事会成员:董事(20130510~20200511),徐文苏|M|197701|中国
000004.SZ,20201114,林绮霞,F,专科,中国,1975,监事:监事(20161025~20201113),林绮霞|F|1975|中国
000004.SZ,20210925,黄冰夏,F,硕士,中国,1981,高管:董事会秘书(20200512~20210925),黄冰夏|F|1981|中国
000004.SZ,20211016,阮旭里,M,硕士,中国,1991,监事:监事(20171113~20211015),阮旭里|M|1991|中国
000004.SZ,20211016,陈欣宇,F,硕士,中国,1978,董事会成员:独立董事(20190516~20211015);委员会成员:提名委员会委员(20190520~20211015);委员会成员:提名委员会主任(20200323~20211015);委员会成员:审计委员会委员(20190520~20211015),陈欣宇|F|1978|中国
000004.SZ,20211027,钟明霞,F,博士,中国,1964,委员会成员:审计委员会委员(20211025~20220526),钟明霞|F|1964|中国
000004.SZ,20211223,梁欣,M,硕士,中国,1971,高管:董事会秘书(20211221~20220526),梁欣|M|1971|中国
000004.SZ,20211223,黄翔,M,硕士,中国,1966,高管:代董事会秘书(20210925~20211221),黄翔|M|1966|中国
000004.SZ,20220521,肖永平,M,博士,中国,1966,董事会成员:独立董事(20190516~20250527),肖永平|M|1966|中国
000004.SZ,20220528,阮旭里,M,硕士,中国,1991,监事:职工监事(20220429~20220528),阮旭里|M|1991|中国
000004.SZ,20220830,梁欣,M,硕士,中国,1971,董事会成员:董事(20220520~20220830),梁欣|M|1971|中国
000004.SZ,20221129,刘多宏,M,中职,中国,1967,董事会成员:董事(20120517~20221129);委员会成员:提名委员会委员(20190520~20221129),刘多宏|M|1967|中国
000004.SZ,20221129,陈金海,M,本科,中国,1979,董事会成员:董事(20211015~20221129);委员会成员:战略委员会委员(20220527~20221129),陈金海|M|1979|中国
000004.SZ,20221216,钟明霞,F,博士,中国,1964,委员会成员:薪酬与考核委员会委员(20220527~20221215);董事会成员:独立董事(20211015~20221215);委员会成员:提名委员会委员(20211025~20221215);委员会成员:提名委员会主任(20211025~20221215),钟明霞|F|1964|中国
000004.SZ,20240321,付志伟,M,本科,中国,1986,高管:副总经理(20220527~20240320),付志伟|M|1986|中国
000004.SZ,20240508,仇夏萍,F,硕士,中国,1960,委员会成员:薪酬与考核委员会委员(20230427~至今);董事会成员:独立董事(20191113~至今);委员会成员:提名委员会委员(20220527~至今);委员会成员:提名委员会主任(20230427~至今);委员会成员:审计委员会委员(20200323~至今);委员会成员:审计委员会主任(20200323~至今),仇夏萍|F|1960|中国
000004.SZ,20240514,李钰,F,专科,中国,1975,监事:股东监事(20211015~至今);监事:监事长(20220527~至今),李钰|F|1975|中国
000004.SZ,20240518,于青川,M,硕士,中国,1967,高管:副总经理(20240517~至今),于青川|M|1967|中国
000004.SZ,20240528,叶鹏,M,硕士,中国,1987,监事:监事(20240527~至今),叶鹏|M|1987|中国
000004.SZ,20250701,吴涤非,M,本科,中国,1969,高管:财务总监(20241112~20250630),吴涤非|M|1969|中国
000004.SZ,20250701,郭魁元,M,本科,中国,1971,高管:财务总监(20250630~至今),郭魁元|M|1971|中国
000004.SZ,20251122,于青川,M,硕士,中国,1967,高管:副总经理(20240517~20251122),于青川|M|1967|中国
000006.SZ,20180721,方东红,M,硕士,中国,196703,高管:副总裁(20090729~20180720),方东红|M|196703|中国
000006.SZ,20200529,于冰,F,硕士,中国,196705,高管:财务总监(20120809~20200528);董事会成员:董事(20120827~20200528);委员会成员:审计委员会委员(20170316~20200528),于冰|F|196705|中国
000006.SZ,20200618,毛咏梅,F,硕士,中国,1971,委员会成员:审计委员会委员(20200616~20210511),毛咏梅|F|1971|中国
000006.SZ,20200629,朱新宏,M,硕士,中国,196005,高管:总裁(20170316~20200628),朱新宏|M|196005|中国
000006.SZ,20200716,朱新宏,M,硕士,中国,196005,董事会成员:董事(20170316~20200715);委员会成员:战略委员会委员(20170316~20200715),朱新宏|M|196005|中国
000006.SZ,20201014,李伟,M,本科,中国,1973,高管:副总裁(20130527~20201013),李伟|M|1973|中国
000006.SZ,20201014,赵宏伟,M,本科,中国,1968,高管:代总裁(20200628~20201013),赵宏伟|M|1968|中国
000006.SZ,20201211,张光柳,M,硕士,中国,1962,高管:副总裁(20180720~20201208),张光柳|M|1962|中国
000006.SZ,20201211,杨晓东,M,本科,中国,197305,高管:副总裁(20171026~20201208),杨晓东|M|197305|中国
000006.SZ,20210130,杜汛,F,本科,中国,197504,高管:董事会秘书(20171017~20210129),杜汛|F|197504|中国
000006.SZ,20210513,吕红军,M,本科,中国,197301,高管:副总裁(20201208~至今),吕红军|M|197301|中国
000006.SZ,20210513,张晓中,M,硕士,中国,196510,监事:监事会主席(20210512~20230426),张晓中|M|196510|中国
000006.SZ,20210513,张雄群,M,硕士,中国,197007,监事:职工监事(20210429~20230426),张雄群|M|197007|中国
000006.SZ,20210513,李伟,M,本科,中国,1973,高管:总裁(20201013~至今),李伟|M|1973|中国
000006.SZ,20210513,杜汛,F,本科,中国,197504,高管:副总裁(20201208~至今),杜汛|F|197504|中国
000006.SZ,20210513,聂浩,M,硕士,中国,197607,高管:副总裁(20201208~至今),聂浩|M|197607|中国
000006.SZ,20210513,黄秀章,M,硕士,中国,197001,监事:监事(20210512~至今),黄秀章|M|197001|中国
000006.SZ,20211012,毛咏梅,F,硕士,中国,1971,高管:财务总监(20200528~20211011);委员会成员:薪酬与考核委员会委员(20210512~20211011);董事会成员:董事(20200616~20211011),毛咏梅|F|1971|中国
000006.SZ,20220409,谭伟,M,硕士,中国,198004,高管:副总裁(20201208~20220409),谭伟|M|198004|中国
000006.SZ,20220511,王道海,M,硕士,中国,1966,董事会成员:董事(20201223~20220510);委员会成员:战略委员会委员(20210512~20220510),王道海|M|1966|中国
000006.SZ,20221015,孔国梁,M,硕士,中国,1983,董事会成员:董事(20201223~20221014);委员会成员:审计委员会委员(20210512~20221014),孔国梁|M|1983|中国
000006.SZ,20221116,赵宏伟,M,本科,中国,1968,董事会成员:董事长(20170316~20221116);董事会成员:董事(20170316~20221116);委员会成员:战略委员会委员(20170316~20221116);委员会成员:战略委员会主任(20170316~20221116),赵宏伟|M|1968|中国
000006.SZ,20230422,罗丽芬,F,硕士,中国,198301,其他:董事会证券事务代表(20171017~20230421);高管:董事会办公室主任(20210129~20230421),罗丽芬|F|198301|中国
000006.SZ,20230426,张雄群,M,硕士,中国,197007,监事:监事会召集人(20230426~至今);监事:监事(20230426~至今),张雄群|M|197007|中国
000006.SZ,20230426,陈旭,M,硕士,中国,198010,监事:职工监事(20230426~至今),陈旭|M|198010|中国
000006.SZ,20230428,张晓中,M,硕士,中国,196510,监事:监事(20210512~20230426),张晓中|M|196510|中国
000006.SZ,20230816,牛佳琪,F,本科,,198712,其他:董事会证券事务代表(20230815~至今),牛佳琪|F|198712|
000006.SZ,20230816,胡晔,F,硕士,中国,198710,其他:董事会证券事务代表(20230421~20230815),胡晔|F|198710|中国
000006.SZ,20230929,李普,M,本科,中国,197603,高管:财务总监(20230928~至今),李普|M|197603|中国
000006.SZ,20240113,孔祥云,M,硕士,中国,195410,董事会成员:独立董事(20170316~至今),孔祥云|M|195410|中国
000006.SZ,20240113,孙慧荣,M,硕士,中国,1983,董事会成员:董事(20221124~至今),孙慧荣|M|1983|中国
000006.SZ,20240113,宋扬,M,硕士,中国,1968,董事会成员:董事(20240112~至今),宋扬|M|1968|中国
000006.SZ,20240113,曲咏海,M,硕士,中国,197102,董事会成员:独立董事(20170316~至今),曲咏海|M|197102|中国
000006.SZ,20240113,李伟,M,本科,中国,1973,董事会成员:董事(20201110~至今),李伟|M|1973|中国
000006.SZ,20240113,李建春,M,博士,中国,1964,董事会成员:董事(20170316~至今),李建春|M|1964|中国
000006.SZ,20240113,李普,M,本科,中国,197603,董事会成员:董事(20231016~至今),李普|M|197603|中国
000006.SZ,20240113,石澜,F,硕士,中国,1974,董事会成员:董事(20220531~至今),石澜|F|1974|中国
000006.SZ,20240113,赵宏伟,M,本科,中国,1968,高管:法定代表人(20170316~20240112),赵宏伟|M|1968|中国
000006.SZ,20240113,陈英革,M,硕士,中国,196807,董事会成员:独立董事(20170316~至今),陈英革|M|196807|中国
000006.SZ,20240123,宋扬,M,硕士,中国,1968,董事会成员:董事长(20240112~至今);高管:法定代表人(20240112~至今),宋扬|M|1968|中国
000006.SZ,20240423,杜汛,F,本科,中国,197504,高管:董事会秘书(20240422~至今),杜汛|F|197504|中国
000006.SZ,20240423,杨晓东,M,本科,中国,197305,高管:董事会秘书(20210129~20240422),杨晓东|M|197305|中国
000006.SZ,20240522,杜汛,F,本科,中国,197504,高管:首席合规官(20240521~至今),杜汛|F|197504|中国
000006.SZ,20240613,李固根,M,硕士,中国,198304,董事会成员:独立董事(20240612~至今),李固根|M|198304|中国
000006.SZ,20240613,赵晋琳,F,博士,中国,196811,董事会成员:独立董事(20240612~至今),赵晋琳|F|196811|中国
000006.SZ,20240613,郭经纬,M,本科,中国,196104,董事会成员:独立董事(20240612~至今),郭经纬|M|196104|中国
000006.SZ,20240617,孔祥云,M,硕士,中国,195410,委员会成员:薪酬与考核委员会委员(20170316~20240614);委员会成员:战略委员会委员(20170316~20240614);委员会成员:审计委员会委员(20170316~20240614);委员会成员:审计委员会主任(20170316~20240614),孔祥云|M|195410|中国
000006.SZ,20240617,孙慧荣,M,硕士,中国,1983,委员会成员:审计委员会委员(20230110~至今),孙慧荣|M|1983|中国
000006.SZ,20240617,宋扬,M,硕士,中国,1968,委员会成员:战略委员会委员(20240112~至今);委员会成员:战略委员会主任(20240112~至今),宋扬|M|1968|中国
000006.SZ,20240617,曲咏海,M,硕士,中国,197102,委员会成员:薪酬与考核委员会委员(20170316~20240614);委员会成员:薪酬与考核委员会主任(20170316~20240614);委员会成员:提名委员会委员(20170316~20240614);委员会成员:战略委员会委员(20170316~20240614),曲咏海|M|197102|中国
000006.SZ,20240617,李伟,M,本科,中国,1973,委员会成员:战略委员会委员(20201110~至今),李伟|M|1973|中国
000006.SZ,20240617,李固根,M,硕士,中国,198304,委员会成员:提名委员会委员(20240614~至今);委员会成员:提名委员会主任(20240614~至今);委员会成员:战略委员会委员(20240614~至今);委员会成员:审计委员会委员(20240614~至今),李固根|M|198304|中国
000006.SZ,20240617,李建春,M,博士,中国,1964,委员会成员:提名委员会委员(20170316~至今),李建春|M|1964|中国
000006.SZ,20240617,李普,M,本科,中国,197603,委员会成员:薪酬与考核委员会委员(20231016~至今),李普|M|197603|中国
000006.SZ,20240617,石澜,F,硕士,中国,1974,委员会成员:战略委员会委员(20220614~至今),石澜|F|1974|中国
000006.SZ,20240617,赵晋琳,F,博士,中国,196811,委员会成员:薪酬与考核委员会委员(20240614~至今);委员会成员:审计委员会委员(20240614~至今);委员会成员:审计委员会主任(20240614~至今),赵晋琳|F|196811|中国
000006.SZ,20240617,郭经纬,M,本科,中国,196104,委员会成员:薪酬与考核委员会委员(20240614~至今);委员会成员:薪酬与考核委员会主任(20240614~至今);委员会成员:提名委员会委员(20240614~至今);委员会成员:战略委员会委员(20240614~至今),郭经纬|M|196104|中国
000006.SZ,20240617,陈英革,M,硕士,中国,196807,委员会成员:提名委员会委员(20170316~20240614);委员会成员:提名委员会主任(20170316~20240614);委员会成员:审计委员会委员(20170316~20240614),陈英革|M|196807|中国
000006.SZ,20240716,叶文峰,M,本科,,197708,高管:副总裁(20240715~至今),叶文峰|M|197708|
000006.SZ,20250808,谢玲敏,F,博士,中国,198506,董事会成员:独立董事(20250807~至今),谢玲敏|F|198506|中国
000006.SZ,20250808,赵晋琳,F,博士,中国,196811,董事会成员:独立董事(20240612~20250807),赵晋琳|F|196811|中国
000006.SZ,20250815,谢玲敏,F,博士,中国,198506,委员会成员:薪酬与考核委员会委员(20250814~至今);委员会成员:审计委员会委员(20250814~至今);委员会成员:审计委员会主任(20250814~至今),谢玲敏|F|198506|中国
000006.SZ,20250815,赵晋琳,F,博士,中国,196811,委员会成员:薪酬与考核委员会委员(20240614~20250814);委员会成员:审计委员会委员(20240614~20250814);委员会成员:审计委员会主任(20240614~20250814),赵晋琳|F|196811|中国
000006.SZ,20251014,张雄群,M,硕士,中国,197007,监事:监事会召集人(20230426~20251013);监事:监事(20230426~20251013),张雄群|M|197007|中国
000006.SZ,20251014,陈旭,M,硕士,中国,198010,监事:职工监事(20230426~20251013),陈旭|M|198010|中国
000006.SZ,20251014,黄秀章,M,硕士,中国,197001,监事:监事(20210512~20251013),黄秀章|M|197001|中国
000007.SZ,20180126,赵鹏,M,本科,中国,197902,高管:财务总监(20180125~20180702),赵鹏|M|197902|中国
000007.SZ,20180212,吴广,M,本科,中国,198604,委员会成员:薪酬与考核委员会委员(20160616~20180210);董事会成员:董事(20160613~20180210),吴广|M|198604|中国
000007.SZ,20180212,周原,M,本科,中国,198504,董事会成员:董事(20170905~20180210),周原|M|198504|中国
000007.SZ,20180616,智德宇,F,本科,中国,197401,董事会成员:董事(20151215~20180615);委员会成员:提名委员会委员(20160118~20180615),智德宇|F|197401|中国
000007.SZ,20180616,赵鹏,M,本科,中国,197902,董事会成员:董事(20160613~20180615);委员会成员:审计委员会委员(20160616~20180615);董事会成员:副董事长(20160608~20180615),赵鹏|M|197902|中国
000007.SZ,20180926,任劲,M,硕士,中国,196405,董事会成员:董事(20180704~20180925),任劲|M|196405|中国
000007.SZ,20180926,吴向勇,M,硕士,中国,197308,董事会成员:董事(20180704~20180925),吴向勇|M|197308|中国
000007.SZ,20180929,韩学渊,M,硕士,中国,197403,董事会成员:董事(20180228~20180928),韩学渊|M|197403|中国
000007.SZ,20180929,黄立海,M,硕士,中国,197212,董事会成员:董事(20180228~20180928),黄立海|M|197212|中国
000007.SZ,20181019,刘原,M,本科,中国,196911,董事会成员:董事(20181018~20190612),刘原|M|196911|中国
000007.SZ,20181019,周原,M,本科,中国,198504,董事会成员:董事(20181018~20190612),周原|M|198504|中国
000007.SZ,20181019,贾鹏,M,硕士,中国,197703,董事会成员:董事(20181018~20190612),贾鹏|M|197703|中国
000007.SZ,20181019,陈佳,M,本科,中国,198303,董事会成员:董事(20181018~20190612),陈佳|M|198303|中国
000007.SZ,20181031,刘原,M,本科,中国,196911,委员会成员:战略委员会委员(20181030~20190612),刘原|M|196911|中国
000007.SZ,20181031,吴日松,M,,中国,1970,委员会成员:战略委员会委员(20160616~20181030);委员会成员:战略委员会主任(20160616~20181030),吴日松|M|1970|中国
000007.SZ,20181031,周原,M,本科,中国,198504,委员会成员:薪酬与考核委员会委员(20181030~20190612);董事会成员:副董事长(20181030~20190612),周原|M|198504|中国
000007.SZ,20181031,胡开梁,M,本科,中国,1978,委员会成员:薪酬与考核委员会委员(20160118~20181030);委员会成员:薪酬与考核委员会主任(20160118~20181030);委员会成员:提名委员会委员(20181030~20190612);委员会成员:提名委员会主任(20181030~20190612),胡开梁|M|1978|中国
000007.SZ,20181031,袁坚,M,硕士,中国,198311,委员会成员:提名委员会委员(20181030~20190612);委员会成员:战略委员会委员(20181030~20190612);委员会成员:战略委员会主任(20181030~20190612),袁坚|M|198311|中国
000007.SZ,20181031,贾鹏,M,硕士,中国,197703,委员会成员:战略委员会委员(20181030~20190612);委员会成员:审计委员会委员(20181030~20190612),贾鹏|M|197703|中国
000007.SZ,20181031,陈佳,M,本科,中国,198303,委员会成员:薪酬与考核委员会委员(20181030~20190612),陈佳|M|198303|中国
000007.SZ,20191106,李代宏,M,硕士,中国,19860601,监事:职工监事(20170911~20191105),李代宏|M|19860601|中国
000007.SZ,20191106,黄立海,M,硕士,中国,197212,委员会成员:薪酬与考核委员会委员(20190613~20191105);董事会成员:董事长(20190613~20191105);董事会成员:董事(20190613~20191105);委员会成员:审计委员会委员(20190613~20191105),黄立海|M|197212|中国
000007.SZ,20191127,徐栋,M,硕士,中国,198311,委员会成员:薪酬与考核委员会委员(20181030~20191126);委员会成员:薪酬与考核委员会主任(20181030~20191126);董事会成员:独立董事(20160824~20191126);委员会成员:提名委员会委员(20190613~20191126);委员会成员:提名委员会主任(20190613~20191126);委员会成员:战略委员会委员(20190613~20191126);委员会成员:审计委员会委员(20190613~20191126),徐栋|M|198311|中国
000007.SZ,20191127,范起超,M,本科,中国,197606,委员会成员:薪酬与考核委员会委员(20190613~20191126);董事会成员:独立董事(20190613~20191126);委员会成员:提名委员会委员(20190613~20191126);委员会成员:审计委员会委员(20190613~20191126);委员会成员:审计委员会主任(20190613~20191126),范起超|M|197606|中国
000007.SZ,20191127,韩学渊,M,硕士,中国,197403,董事会成员:董事(20190613~20191126);委员会成员:战略委员会委员(20190613~20191126);委员会成员:战略委员会主任(20190613~20191126),韩学渊|M|197403|中国
000007.SZ,20191128,周原,M,本科,中国,198504,高管:总经理(20190613~20191127),周原|M|198504|中国
000007.SZ,20191128,杨莎娜,F,本科,中国,198406,高管:财务总监(20180705~20191127),杨莎娜|F|198406|中国
000007.SZ,20191130,周原,M,本科,中国,198504,高管:法定代表人(20190613~20191129),周原|M|198504|中国
000007.SZ,20200424,吴日松,M,,中国,1970,董事会成员:董事(20160108~20200423);委员会成员:提名委员会委员(20160118~20200423);委员会成员:战略委员会委员(20190613~20200423),吴日松|M|1970|中国
000007.SZ,20210925,陈建梅,F,本科,中国,19680903,高管:财务总监(20191129~20210924),陈建梅|F|19680903|中国
000007.SZ,20211210,马斌,M,本科,中国,19931028,监事:监事(20170927~20211209),马斌|M|19931028|中国
000007.SZ,20220114,周原,M,本科,中国,198504,高管:副总经理(20191129~20220112),周原|M|198504|中国
000007.SZ,20220114,顾毅,M,专科,中国,19730323,高管:副总经理(20191129~20220112),顾毅|M|19730323|中国
000007.SZ,20220215,吴琼洁,F,本科,中国,198608,委员会成员:薪酬与考核委员会委员(20220214~20221030);董事会成员:独立董事(20220214~20221030);委员会成员:提名委员会委员(20220214~20221030);委员会成员:提名委员会主任(20220214~20221030);委员会成员:战略委员会委员(20220214~20221030);委员会成员:审计委员会委员(20220214~20221030);委员会成员:审计委员会主任(20220214~20221030),吴琼洁|F|198608|中国
000007.SZ,20220215,田进,M,专科,中国,19580723,委员会成员:薪酬与考核委员会委员(20191129~20220214);委员会成员:薪酬与考核委员会主任(20191129~20220214);董事会成员:独立董事(20191126~20220214);委员会成员:提名委员会委员(20191129~20220214);委员会成员:战略委员会委员(20191129~20220214);委员会成员:审计委员会委员(20191129~20220214),田进|M|19580723|中国
000007.SZ,20220215,许雄,M,硕士,中国,1968,董事会成员:董事(20200423~20220214),许雄|M|1968|中国
000007.SZ,20220215,陈毅龙,M,硕士,中国,19740627,委员会成员:薪酬与考核委员会委员(20191129~20220214);董事会成员:独立董事(20191126~20220214);委员会成员:提名委员会委员(20191129~20220214);委员会成员:提名委员会主任(20191129~20220214);委员会成员:审计委员会委员(20191129~20220214);委员会成员:审计委员会主任(20191129~20220214),陈毅龙|M|19740627|中国
000007.SZ,20221101,王其帅,M,硕士,中国,19860911,高管:副总经理(20220321~至今),王其帅|M|19860911|中国
000007.SZ,20221101,陈伟彬,M,本科,中国,198604,高管:董事会秘书(20151224~至今),陈伟彬|M|198604|中国
000007.SZ,20221101,黄国铭,M,本科,中国香港,1990,董事会成员:董事(20191126~至今);委员会成员:战略委员会委员(20191129~至今);委员会成员:审计委员会委员(20191129~至今),黄国铭|M|1990|中国香港
000007.SZ,20230523,刘烁,F,本科,中国,19931118,其他:(不明~至今),刘烁|F|19931118|中国
000007.SZ,20230523,王东石,M,硕士,中国,19711031,其他:(不明~至今),王东石|M|19711031|中国
000007.SZ,20230523,许鲁光,M,硕士,中国,19641217,其他:(不明~至今),许鲁光|M|19641217|中国
000007.SZ,20231202,施森捷,M,本科,中国,19871225,董事会成员:董事(20220214~20231201);委员会成员:提名委员会委员(20220214~20231201);委员会成员:战略委员会委员(20220214~20231201),施森捷|M|19871225|中国
000007.SZ,20251216,丁建宇,M,硕士,中国,198001,高管:财务负责人(20251215~至今),丁建宇|M|198001|中国
000007.SZ,20251216,何永户,M,硕士,中国,19720904,董事会成员:董事长(20251215~至今);董事会成员:董事(20251215~至今);高管:法定代表人(20251215~至今);委员会成员:提名委员会委员(20251215~至今);委员会成员:战略委员会委员(20251215~至今);委员会成员:战略委员会主任(20251215~至今);高管:总经理(20251215~至今),何永户|M|19720904|中国
000007.SZ,20251216,王波,M,硕士,中国,19740115,委员会成员:薪酬与考核委员会委员(20251215~至今);董事会成员:董事(20251215~至今);委员会成员:战略委员会委员(20251215~至今);高管:副总经理(20251215~至今),王波|M|19740115|中国
000007.SZ,20251216,薛林楠,M,硕士,中国,19730321,委员会成员:薪酬与考核委员会委员(20251215~至今);董事会成员:独立董事(20251215~至今);委员会成员:提名委员会委员(20251215~至今);委员会成员:提名委员会主任(20251215~至今);委员会成员:战略委员会委员(20251215~至今);委员会成员:审计委员会委员(20251215~至今);委员会成员:审计委员会主任(20251215~至今),薛林楠|M|19730321|中国
000007.SZ,20251216,陈伟彬,M,本科,中国,198604,高管:董事会秘书(20151224~至今),陈伟彬|M|198604|中国
000007.SZ,20251216,韩冰,M,硕士,中国,19700114,委员会成员:薪酬与考核委员会委员(20251215~至今);委员会成员:薪酬与考核委员会主任(20251215~至今);董事会成员:独立董事(20251215~至今);委员会成员:提名委员会委员(20251215~至今);委员会成员:审计委员会委员(20251215~至今),韩冰|M|19700114|中国
000007.SZ,20251216,黄国铭,M,本科,中国香港,1990,董事会成员:董事(20191126~至今);委员会成员:审计委员会委员(20191129~至今),黄国铭|M|1990|中国香港
000007.SZ,20251217,黄国铭,M,本科,中国香港,1990,董事会成员:副董事长(20251216~至今),黄国铭|M|1990|中国香港
